﻿<?xml version="1.0" encoding="utf-8"?>
<views>
  <mapping-views hash="16504dfc88b6042926436d758b92e9cf91dbe1f50c92fef312ba4370bc4b1c30" conceptual-container="KDSContext" store-container="CodeFirstDatabase">
    <view extent="CodeFirstDatabase.admin_role_master"><![CDATA[
    SELECT VALUE -- Constructing admin_role_master
        [CodeFirstDatabaseSchema.admin_role_master](T1.[admin_role_master.id], T1.[admin_role_master.role_code], T1.[admin_role_master.role_description], T1.[admin_role_master.effective_from], T1.[admin_role_master.effective_to])
    FROM (
        SELECT 
            T.id AS [admin_role_master.id], 
            T.role_code AS [admin_role_master.role_code], 
            T.role_description AS [admin_role_master.role_description], 
            T.effective_from AS [admin_role_master.effective_from], 
            T.effective_to AS [admin_role_master.effective_to], 
            True AS _from0
        FROM KDSContext.admin_role_master AS T
    ) AS T1]]></view>
    <view extent="KDSContext.admin_role_master"><![CDATA[
    SELECT VALUE -- Constructing admin_role_master
        [Database.Fusion.admin_role_master](T1.[admin_role_master.id], T1.[admin_role_master.role_code], T1.[admin_role_master.role_description], T1.[admin_role_master.effective_from], T1.[admin_role_master.effective_to])
    FROM (
        SELECT 
            T.id AS [admin_role_master.id], 
            T.role_code AS [admin_role_master.role_code], 
            T.role_description AS [admin_role_master.role_description], 
            T.effective_from AS [admin_role_master.effective_from], 
            T.effective_to AS [admin_role_master.effective_to], 
            True AS _from0
        FROM CodeFirstDatabase.admin_role_master AS T
    ) AS T1]]></view>
    <view extent="CodeFirstDatabase.entities_employee_master"><![CDATA[
    SELECT VALUE -- Constructing entities_employee_master
        [CodeFirstDatabaseSchema.entities_employee_master](T1.[entities_employee_master.id], T1.[entities_employee_master.employee_number], T1.[entities_employee_master.first_name], T1.[entities_employee_master.last_name], T1.[entities_employee_master.effective_from], T1.[entities_employee_master.effective_to])
    FROM (
        SELECT 
            T.id AS [entities_employee_master.id], 
            T.employee_number AS [entities_employee_master.employee_number], 
            T.first_name AS [entities_employee_master.first_name], 
            T.last_name AS [entities_employee_master.last_name], 
            T.effective_from AS [entities_employee_master.effective_from], 
            T.effective_to AS [entities_employee_master.effective_to], 
            True AS _from0
        FROM KDSContext.entities_employee_master AS T
    ) AS T1]]></view>
    <view extent="KDSContext.entities_employee_master"><![CDATA[
    SELECT VALUE -- Constructing entities_employee_master
        [Database.Fusion.entities_employee_master](T1.[entities_employee_master.id], T1.[entities_employee_master.employee_number], T1.[entities_employee_master.first_name], T1.[entities_employee_master.last_name], T1.[entities_employee_master.effective_from], T1.[entities_employee_master.effective_to])
    FROM (
        SELECT 
            T.id AS [entities_employee_master.id], 
            T.employee_number AS [entities_employee_master.employee_number], 
            T.first_name AS [entities_employee_master.first_name], 
            T.last_name AS [entities_employee_master.last_name], 
            T.effective_from AS [entities_employee_master.effective_from], 
            T.effective_to AS [entities_employee_master.effective_to], 
            True AS _from0
        FROM CodeFirstDatabase.entities_employee_master AS T
    ) AS T1]]></view>
    <view extent="CodeFirstDatabase.entities_store_master"><![CDATA[
    SELECT VALUE -- Constructing entities_store_master
        [CodeFirstDatabaseSchema.entities_store_master](T1.[entities_store_master.id], T1.[entities_store_master.store_code], T1.[entities_store_master.store_description], T1.[entities_store_master.effective_from], T1.[entities_store_master.effective_to], T1.[entities_store_master.modified_on], T1.[entities_store_master.modified_by])
    FROM (
        SELECT 
            T.id AS [entities_store_master.id], 
            T.store_code AS [entities_store_master.store_code], 
            T.store_description AS [entities_store_master.store_description], 
            T.effective_from AS [entities_store_master.effective_from], 
            T.effective_to AS [entities_store_master.effective_to], 
            T.modified_on AS [entities_store_master.modified_on], 
            T.modified_by AS [entities_store_master.modified_by], 
            True AS _from0
        FROM KDSContext.entities_store_master AS T
    ) AS T1]]></view>
    <view extent="KDSContext.entities_store_master"><![CDATA[
    SELECT VALUE -- Constructing entities_store_master
        [Database.Fusion.entities_store_master](T1.[entities_store_master.id], T1.[entities_store_master.store_code], T1.[entities_store_master.store_description], T1.[entities_store_master.effective_from], T1.[entities_store_master.effective_to], T1.[entities_store_master.modified_on], T1.[entities_store_master.modified_by])
    FROM (
        SELECT 
            T.id AS [entities_store_master.id], 
            T.store_code AS [entities_store_master.store_code], 
            T.store_description AS [entities_store_master.store_description], 
            T.effective_from AS [entities_store_master.effective_from], 
            T.effective_to AS [entities_store_master.effective_to], 
            T.modified_on AS [entities_store_master.modified_on], 
            T.modified_by AS [entities_store_master.modified_by], 
            True AS _from0
        FROM CodeFirstDatabase.entities_store_master AS T
    ) AS T1]]></view>
    <view extent="CodeFirstDatabase.entities_user_employee_matrix"><![CDATA[
    SELECT VALUE -- Constructing entities_user_employee_matrix
        [CodeFirstDatabaseSchema.entities_user_employee_matrix](T1.[entities_user_employee_matrix.user_id], T1.[entities_user_employee_matrix.employee_id], T1.[entities_user_employee_matrix.effective_from], T1.[entities_user_employee_matrix.effective_to])
    FROM (
        SELECT 
            T.user_id AS [entities_user_employee_matrix.user_id], 
            T.employee_id AS [entities_user_employee_matrix.employee_id], 
            T.effective_from AS [entities_user_employee_matrix.effective_from], 
            T.effective_to AS [entities_user_employee_matrix.effective_to], 
            True AS _from0
        FROM KDSContext.entities_user_employee_matrix AS T
    ) AS T1]]></view>
    <view extent="KDSContext.entities_user_employee_matrix"><![CDATA[
    SELECT VALUE -- Constructing entities_user_employee_matrix
        [Database.Fusion.entities_user_employee_matrix](T1.[entities_user_employee_matrix.user_id], T1.[entities_user_employee_matrix.employee_id], T1.[entities_user_employee_matrix.effective_from], T1.[entities_user_employee_matrix.effective_to])
    FROM (
        SELECT 
            T.user_id AS [entities_user_employee_matrix.user_id], 
            T.employee_id AS [entities_user_employee_matrix.employee_id], 
            T.effective_from AS [entities_user_employee_matrix.effective_from], 
            T.effective_to AS [entities_user_employee_matrix.effective_to], 
            True AS _from0
        FROM CodeFirstDatabase.entities_user_employee_matrix AS T
    ) AS T1]]></view>
    <view extent="CodeFirstDatabase.entities_user_master"><![CDATA[
    SELECT VALUE -- Constructing entities_user_master
        [CodeFirstDatabaseSchema.entities_user_master](T1.[entities_user_master.id], T1.[entities_user_master.first_name], T1.[entities_user_master.last_name], T1.[entities_user_master.role_id], T1.[entities_user_master.password], T1.[entities_user_master.effective_from], T1.[entities_user_master.effective_to])
    FROM (
        SELECT 
            T.id AS [entities_user_master.id], 
            T.first_name AS [entities_user_master.first_name], 
            T.last_name AS [entities_user_master.last_name], 
            T.role_id AS [entities_user_master.role_id], 
            T.password AS [entities_user_master.password], 
            T.effective_from AS [entities_user_master.effective_from], 
            T.effective_to AS [entities_user_master.effective_to], 
            True AS _from0
        FROM KDSContext.entities_user_master AS T
    ) AS T1]]></view>
    <view extent="KDSContext.entities_user_master"><![CDATA[
    SELECT VALUE -- Constructing entities_user_master
        [Database.Fusion.entities_user_master](T1.[entities_user_master.id], T1.[entities_user_master.first_name], T1.[entities_user_master.last_name], T1.[entities_user_master.role_id], T1.[entities_user_master.password], T1.[entities_user_master.effective_from], T1.[entities_user_master.effective_to])
    FROM (
        SELECT 
            T.id AS [entities_user_master.id], 
            T.first_name AS [entities_user_master.first_name], 
            T.last_name AS [entities_user_master.last_name], 
            T.role_id AS [entities_user_master.role_id], 
            T.password AS [entities_user_master.password], 
            T.effective_from AS [entities_user_master.effective_from], 
            T.effective_to AS [entities_user_master.effective_to], 
            True AS _from0
        FROM CodeFirstDatabase.entities_user_master AS T
    ) AS T1]]></view>
    <view extent="CodeFirstDatabase.kds_assembly_headers"><![CDATA[
    SELECT VALUE -- Constructing kds_assembly_headers
        [CodeFirstDatabaseSchema.kds_assembly_headers](T1.[kds_assembly_headers.reference_number], T1.[kds_assembly_headers.transaction_type_code], T1.[kds_assembly_headers.displayed], T1.[kds_assembly_headers.queue_start_time], T1.[kds_assembly_headers.display_start_time], T1.[kds_assembly_headers.display_end_time], T1.[kds_assembly_headers.assembly2_start_time], T1.[kds_assembly_headers.assembly2_end_time], T1.[kds_assembly_headers.pickup_display_start_time], T1.[kds_assembly_headers.pickup_display_ors_start_time], T1.[kds_assembly_headers.pickup_display_end_time], T1.[kds_assembly_headers.monitor_id], T1.[kds_assembly_headers.panel_number], T1.[kds_assembly_headers.store_code], T1.[kds_assembly_headers.employee_number], T1.[kds_assembly_headers.transaction_status], T1.[kds_assembly_headers.transaction_request], T1.[kds_assembly_headers.transaction_number], T1.[kds_assembly_headers.business_date], T1.[kds_assembly_headers.pos_terminal], T1.[kds_assembly_headers.assembly_line])
    FROM (
        SELECT 
            T.reference_number AS [kds_assembly_headers.reference_number], 
            T.transaction_type_code AS [kds_assembly_headers.transaction_type_code], 
            T.displayed AS [kds_assembly_headers.displayed], 
            T.queue_start_time AS [kds_assembly_headers.queue_start_time], 
            T.display_start_time AS [kds_assembly_headers.display_start_time], 
            T.display_end_time AS [kds_assembly_headers.display_end_time], 
            T.assembly2_start_time AS [kds_assembly_headers.assembly2_start_time], 
            T.assembly2_end_time AS [kds_assembly_headers.assembly2_end_time], 
            T.pickup_display_start_time AS [kds_assembly_headers.pickup_display_start_time], 
            T.pickup_display_ors_start_time AS [kds_assembly_headers.pickup_display_ors_start_time], 
            T.pickup_display_end_time AS [kds_assembly_headers.pickup_display_end_time], 
            T.monitor_id AS [kds_assembly_headers.monitor_id], 
            T.panel_number AS [kds_assembly_headers.panel_number], 
            T.store_code AS [kds_assembly_headers.store_code], 
            T.employee_number AS [kds_assembly_headers.employee_number], 
            T.transaction_status AS [kds_assembly_headers.transaction_status], 
            T.transaction_request AS [kds_assembly_headers.transaction_request], 
            T.transaction_number AS [kds_assembly_headers.transaction_number], 
            T.business_date AS [kds_assembly_headers.business_date], 
            T.pos_terminal AS [kds_assembly_headers.pos_terminal], 
            T.assembly_line AS [kds_assembly_headers.assembly_line], 
            True AS _from0
        FROM KDSContext.kds_assembly_headers AS T
    ) AS T1]]></view>
    <view extent="KDSContext.kds_assembly_headers"><![CDATA[
    SELECT VALUE -- Constructing kds_assembly_headers
        [Database.Fusion.kds_assembly_headers](T1.[kds_assembly_headers.reference_number], T1.[kds_assembly_headers.transaction_type_code], T1.[kds_assembly_headers.displayed], T1.[kds_assembly_headers.queue_start_time], T1.[kds_assembly_headers.display_start_time], T1.[kds_assembly_headers.display_end_time], T1.[kds_assembly_headers.assembly2_start_time], T1.[kds_assembly_headers.assembly2_end_time], T1.[kds_assembly_headers.pickup_display_start_time], T1.[kds_assembly_headers.pickup_display_ors_start_time], T1.[kds_assembly_headers.pickup_display_end_time], T1.[kds_assembly_headers.monitor_id], T1.[kds_assembly_headers.panel_number], T1.[kds_assembly_headers.store_code], T1.[kds_assembly_headers.employee_number], T1.[kds_assembly_headers.transaction_status], T1.[kds_assembly_headers.transaction_request], T1.[kds_assembly_headers.transaction_number], T1.[kds_assembly_headers.business_date], T1.[kds_assembly_headers.pos_terminal], T1.[kds_assembly_headers.assembly_line])
    FROM (
        SELECT 
            T.reference_number AS [kds_assembly_headers.reference_number], 
            T.transaction_type_code AS [kds_assembly_headers.transaction_type_code], 
            T.displayed AS [kds_assembly_headers.displayed], 
            T.queue_start_time AS [kds_assembly_headers.queue_start_time], 
            T.display_start_time AS [kds_assembly_headers.display_start_time], 
            T.display_end_time AS [kds_assembly_headers.display_end_time], 
            T.assembly2_start_time AS [kds_assembly_headers.assembly2_start_time], 
            T.assembly2_end_time AS [kds_assembly_headers.assembly2_end_time], 
            T.pickup_display_start_time AS [kds_assembly_headers.pickup_display_start_time], 
            T.pickup_display_ors_start_time AS [kds_assembly_headers.pickup_display_ors_start_time], 
            T.pickup_display_end_time AS [kds_assembly_headers.pickup_display_end_time], 
            T.monitor_id AS [kds_assembly_headers.monitor_id], 
            T.panel_number AS [kds_assembly_headers.panel_number], 
            T.store_code AS [kds_assembly_headers.store_code], 
            T.employee_number AS [kds_assembly_headers.employee_number], 
            T.transaction_status AS [kds_assembly_headers.transaction_status], 
            T.transaction_request AS [kds_assembly_headers.transaction_request], 
            T.transaction_number AS [kds_assembly_headers.transaction_number], 
            T.business_date AS [kds_assembly_headers.business_date], 
            T.pos_terminal AS [kds_assembly_headers.pos_terminal], 
            T.assembly_line AS [kds_assembly_headers.assembly_line], 
            True AS _from0
        FROM CodeFirstDatabase.kds_assembly_headers AS T
    ) AS T1]]></view>
    <view extent="CodeFirstDatabase.kds_assembly_product_details"><![CDATA[
    SELECT VALUE -- Constructing kds_assembly_product_details
        [CodeFirstDatabaseSchema.kds_assembly_product_details](T1.[kds_assembly_product_details.reference_number], T1.[kds_assembly_product_details.transaction_type_code], T1.[kds_assembly_product_details.product_code], T1.[kds_assembly_product_details.quantity], T1.[kds_assembly_product_details.product_type_id], T1.[kds_assembly_product_details.line_number], T1.[kds_assembly_product_details.voided], T1.[kds_assembly_product_details.item_request], T1.[kds_assembly_product_details.displayed], T1.[kds_assembly_product_details.business_date], T1.[kds_assembly_product_details.group_number])
    FROM (
        SELECT 
            T.reference_number AS [kds_assembly_product_details.reference_number], 
            T.transaction_type_code AS [kds_assembly_product_details.transaction_type_code], 
            T.product_code AS [kds_assembly_product_details.product_code], 
            T.quantity AS [kds_assembly_product_details.quantity], 
            T.product_type_id AS [kds_assembly_product_details.product_type_id], 
            T.line_number AS [kds_assembly_product_details.line_number], 
            T.voided AS [kds_assembly_product_details.voided], 
            T.item_request AS [kds_assembly_product_details.item_request], 
            T.displayed AS [kds_assembly_product_details.displayed], 
            T.business_date AS [kds_assembly_product_details.business_date], 
            T.group_number AS [kds_assembly_product_details.group_number], 
            True AS _from0
        FROM KDSContext.kds_assembly_product_details AS T
    ) AS T1]]></view>
    <view extent="KDSContext.kds_assembly_product_details"><![CDATA[
    SELECT VALUE -- Constructing kds_assembly_product_details
        [Database.Fusion.kds_assembly_product_details](T1.[kds_assembly_product_details.reference_number], T1.[kds_assembly_product_details.product_code], T1.[kds_assembly_product_details.line_number], T1.[kds_assembly_product_details.voided], T1.[kds_assembly_product_details.transaction_type_code], T1.[kds_assembly_product_details.quantity], T1.[kds_assembly_product_details.product_type_id], T1.[kds_assembly_product_details.item_request], T1.[kds_assembly_product_details.displayed], T1.[kds_assembly_product_details.business_date], T1.[kds_assembly_product_details.group_number])
    FROM (
        SELECT 
            T.reference_number AS [kds_assembly_product_details.reference_number], 
            T.product_code AS [kds_assembly_product_details.product_code], 
            T.line_number AS [kds_assembly_product_details.line_number], 
            T.voided AS [kds_assembly_product_details.voided], 
            T.transaction_type_code AS [kds_assembly_product_details.transaction_type_code], 
            T.quantity AS [kds_assembly_product_details.quantity], 
            T.product_type_id AS [kds_assembly_product_details.product_type_id], 
            T.item_request AS [kds_assembly_product_details.item_request], 
            T.displayed AS [kds_assembly_product_details.displayed], 
            T.business_date AS [kds_assembly_product_details.business_date], 
            T.group_number AS [kds_assembly_product_details.group_number], 
            True AS _from0
        FROM CodeFirstDatabase.kds_assembly_product_details AS T
    ) AS T1]]></view>
    <view extent="CodeFirstDatabase.kds_monitor_location_master"><![CDATA[
    SELECT VALUE -- Constructing kds_monitor_location_master
        [CodeFirstDatabaseSchema.kds_monitor_location_master](T1.[kds_monitor_location_master.id], T1.[kds_monitor_location_master.description], T1.[kds_monitor_location_master.effective_from], T1.[kds_monitor_location_master.effective_to], T1.[kds_monitor_location_master.modified_on], T1.[kds_monitor_location_master.modified_by])
    FROM (
        SELECT 
            T.id AS [kds_monitor_location_master.id], 
            T.description AS [kds_monitor_location_master.description], 
            T.effective_from AS [kds_monitor_location_master.effective_from], 
            T.effective_to AS [kds_monitor_location_master.effective_to], 
            T.modified_on AS [kds_monitor_location_master.modified_on], 
            T.modified_by AS [kds_monitor_location_master.modified_by], 
            True AS _from0
        FROM KDSContext.kds_monitor_location_master AS T
    ) AS T1]]></view>
    <view extent="KDSContext.kds_monitor_location_master"><![CDATA[
    SELECT VALUE -- Constructing kds_monitor_location_master
        [Database.Fusion.kds_monitor_location_master](T1.[kds_monitor_location_master.id], T1.[kds_monitor_location_master.description], T1.[kds_monitor_location_master.effective_from], T1.[kds_monitor_location_master.effective_to], T1.[kds_monitor_location_master.modified_on], T1.[kds_monitor_location_master.modified_by])
    FROM (
        SELECT 
            T.id AS [kds_monitor_location_master.id], 
            T.description AS [kds_monitor_location_master.description], 
            T.effective_from AS [kds_monitor_location_master.effective_from], 
            T.effective_to AS [kds_monitor_location_master.effective_to], 
            T.modified_on AS [kds_monitor_location_master.modified_on], 
            T.modified_by AS [kds_monitor_location_master.modified_by], 
            True AS _from0
        FROM CodeFirstDatabase.kds_monitor_location_master AS T
    ) AS T1]]></view>
    <view extent="CodeFirstDatabase.kds_monitor_master"><![CDATA[
    SELECT VALUE -- Constructing kds_monitor_master
        [CodeFirstDatabaseSchema.kds_monitor_master](T1.[kds_monitor_master.id], T1.[kds_monitor_master.store_id], T1.[kds_monitor_master.monitor_number], T1.[kds_monitor_master.station_id], T1.[kds_monitor_master.monitor_location_id], T1.[kds_monitor_master.ip_address], T1.[kds_monitor_master.effective_from], T1.[kds_monitor_master.effective_to])
    FROM (
        SELECT 
            T.id AS [kds_monitor_master.id], 
            T.store_id AS [kds_monitor_master.store_id], 
            T.monitor_number AS [kds_monitor_master.monitor_number], 
            T.station_id AS [kds_monitor_master.station_id], 
            T.monitor_location_id AS [kds_monitor_master.monitor_location_id], 
            T.ip_address AS [kds_monitor_master.ip_address], 
            T.effective_from AS [kds_monitor_master.effective_from], 
            T.effective_to AS [kds_monitor_master.effective_to], 
            True AS _from0
        FROM KDSContext.kds_monitor_master AS T
    ) AS T1]]></view>
    <view extent="KDSContext.kds_monitor_master"><![CDATA[
    SELECT VALUE -- Constructing kds_monitor_master
        [Database.Fusion.kds_monitor_master](T1.[kds_monitor_master.id], T1.[kds_monitor_master.store_id], T1.[kds_monitor_master.monitor_number], T1.[kds_monitor_master.station_id], T1.[kds_monitor_master.monitor_location_id], T1.[kds_monitor_master.ip_address], T1.[kds_monitor_master.effective_from], T1.[kds_monitor_master.effective_to])
    FROM (
        SELECT 
            T.id AS [kds_monitor_master.id], 
            T.store_id AS [kds_monitor_master.store_id], 
            T.monitor_number AS [kds_monitor_master.monitor_number], 
            T.station_id AS [kds_monitor_master.station_id], 
            T.monitor_location_id AS [kds_monitor_master.monitor_location_id], 
            T.ip_address AS [kds_monitor_master.ip_address], 
            T.effective_from AS [kds_monitor_master.effective_from], 
            T.effective_to AS [kds_monitor_master.effective_to], 
            True AS _from0
        FROM CodeFirstDatabase.kds_monitor_master AS T
    ) AS T1]]></view>
    <view extent="CodeFirstDatabase.kds_panel_master"><![CDATA[
    SELECT VALUE -- Constructing kds_panel_master
        [CodeFirstDatabaseSchema.kds_panel_master](T1.[kds_panel_master.store_id], T1.[kds_panel_master.panel_number], T1.[kds_panel_master.monitor_id], T1.[kds_panel_master.visible], T1.[kds_panel_master.transaction_type_code], T1.[kds_panel_master.pos_terminal], T1.[kds_panel_master.employee_number])
    FROM (
        SELECT 
            T.store_id AS [kds_panel_master.store_id], 
            T.panel_number AS [kds_panel_master.panel_number], 
            T.monitor_id AS [kds_panel_master.monitor_id], 
            T.visible AS [kds_panel_master.visible], 
            T.transaction_type_code AS [kds_panel_master.transaction_type_code], 
            T.pos_terminal AS [kds_panel_master.pos_terminal], 
            T.employee_number AS [kds_panel_master.employee_number], 
            True AS _from0
        FROM KDSContext.kds_panel_master AS T
    ) AS T1]]></view>
    <view extent="KDSContext.kds_panel_master"><![CDATA[
    SELECT VALUE -- Constructing kds_panel_master
        [Database.Fusion.kds_panel_master](T1.[kds_panel_master.panel_number], T1.[kds_panel_master.monitor_id], T1.[kds_panel_master.store_id], T1.[kds_panel_master.visible], T1.[kds_panel_master.transaction_type_code], T1.[kds_panel_master.pos_terminal], T1.[kds_panel_master.employee_number])
    FROM (
        SELECT 
            T.panel_number AS [kds_panel_master.panel_number], 
            T.monitor_id AS [kds_panel_master.monitor_id], 
            T.store_id AS [kds_panel_master.store_id], 
            T.visible AS [kds_panel_master.visible], 
            T.transaction_type_code AS [kds_panel_master.transaction_type_code], 
            T.pos_terminal AS [kds_panel_master.pos_terminal], 
            T.employee_number AS [kds_panel_master.employee_number], 
            True AS _from0
        FROM CodeFirstDatabase.kds_panel_master AS T
    ) AS T1]]></view>
    <view extent="CodeFirstDatabase.kds_panel_status"><![CDATA[
    SELECT VALUE -- Constructing kds_panel_status
        [CodeFirstDatabaseSchema.kds_panel_status](T1.[kds_panel_status.store_id], T1.[kds_panel_status.panel_number], T1.[kds_panel_status.monitor_id], T1.[kds_panel_status.on_off], T1.[kds_panel_status.display_status], T1.[kds_panel_status.modified_time])
    FROM (
        SELECT 
            T.store_id AS [kds_panel_status.store_id], 
            T.panel_number AS [kds_panel_status.panel_number], 
            T.monitor_id AS [kds_panel_status.monitor_id], 
            T.on_off AS [kds_panel_status.on_off], 
            T.display_status AS [kds_panel_status.display_status], 
            T.modified_time AS [kds_panel_status.modified_time], 
            True AS _from0
        FROM KDSContext.kds_panel_status AS T
    ) AS T1]]></view>
    <view extent="KDSContext.kds_panel_status"><![CDATA[
    SELECT VALUE -- Constructing kds_panel_status
        [Database.Fusion.kds_panel_status](T1.[kds_panel_status.panel_number], T1.[kds_panel_status.monitor_id], T1.[kds_panel_status.store_id], T1.[kds_panel_status.on_off], T1.[kds_panel_status.display_status], T1.[kds_panel_status.modified_time])
    FROM (
        SELECT 
            T.panel_number AS [kds_panel_status.panel_number], 
            T.monitor_id AS [kds_panel_status.monitor_id], 
            T.store_id AS [kds_panel_status.store_id], 
            T.on_off AS [kds_panel_status.on_off], 
            T.display_status AS [kds_panel_status.display_status], 
            T.modified_time AS [kds_panel_status.modified_time], 
            True AS _from0
        FROM CodeFirstDatabase.kds_panel_status AS T
    ) AS T1]]></view>
    <view extent="CodeFirstDatabase.kds_station_master"><![CDATA[
    SELECT VALUE -- Constructing kds_station_master
        [CodeFirstDatabaseSchema.kds_station_master](T1.[kds_station_master.id], T1.[kds_station_master.station_name], T1.[kds_station_master.effective_from], T1.[kds_station_master.effective_to])
    FROM (
        SELECT 
            T.id AS [kds_station_master.id], 
            T.station_name AS [kds_station_master.station_name], 
            T.effective_from AS [kds_station_master.effective_from], 
            T.effective_to AS [kds_station_master.effective_to], 
            True AS _from0
        FROM KDSContext.kds_station_master AS T
    ) AS T1]]></view>
    <view extent="KDSContext.kds_station_master"><![CDATA[
    SELECT VALUE -- Constructing kds_station_master
        [Database.Fusion.kds_station_master](T1.[kds_station_master.id], T1.[kds_station_master.station_name], T1.[kds_station_master.effective_from], T1.[kds_station_master.effective_to])
    FROM (
        SELECT 
            T.id AS [kds_station_master.id], 
            T.station_name AS [kds_station_master.station_name], 
            T.effective_from AS [kds_station_master.effective_from], 
            T.effective_to AS [kds_station_master.effective_to], 
            True AS _from0
        FROM CodeFirstDatabase.kds_station_master AS T
    ) AS T1]]></view>
    <view extent="CodeFirstDatabase.menu_food_type_master"><![CDATA[
    SELECT VALUE -- Constructing menu_food_type_master
        [CodeFirstDatabaseSchema.menu_food_type_master](T1.[menu_food_type_master.id], T1.[menu_food_type_master.food_type_code], T1.[menu_food_type_master.food_type_description], T1.[menu_food_type_master.kds_assembly_display_sequence], T1.[menu_food_type_master.effective_from], T1.[menu_food_type_master.effective_to], T1.[menu_food_type_master.modified_on], T1.[menu_food_type_master.modified_by])
    FROM (
        SELECT 
            CAST(T.id AS [Edm.Int64]) AS [menu_food_type_master.id], 
            T.food_type_code AS [menu_food_type_master.food_type_code], 
            T.food_type_description AS [menu_food_type_master.food_type_description], 
            T.kds_assembly_display_sequence AS [menu_food_type_master.kds_assembly_display_sequence], 
            T.effective_from AS [menu_food_type_master.effective_from], 
            T.effective_to AS [menu_food_type_master.effective_to], 
            T.modified_on AS [menu_food_type_master.modified_on], 
            T.modified_by AS [menu_food_type_master.modified_by], 
            True AS _from0
        FROM KDSContext.menu_food_type_master AS T
    ) AS T1]]></view>
    <view extent="KDSContext.menu_food_type_master"><![CDATA[
    SELECT VALUE -- Constructing menu_food_type_master
        [Database.Fusion.menu_food_type_master](T1.[menu_food_type_master.id], T1.[menu_food_type_master.food_type_code], T1.[menu_food_type_master.food_type_description], T1.[menu_food_type_master.kds_assembly_display_sequence], T1.[menu_food_type_master.effective_from], T1.[menu_food_type_master.effective_to], T1.[menu_food_type_master.modified_on], T1.[menu_food_type_master.modified_by])
    FROM (
        SELECT 
            CAST(T.id AS [Edm.Int32]) AS [menu_food_type_master.id], 
            T.food_type_code AS [menu_food_type_master.food_type_code], 
            T.food_type_description AS [menu_food_type_master.food_type_description], 
            T.kds_assembly_display_sequence AS [menu_food_type_master.kds_assembly_display_sequence], 
            T.effective_from AS [menu_food_type_master.effective_from], 
            T.effective_to AS [menu_food_type_master.effective_to], 
            T.modified_on AS [menu_food_type_master.modified_on], 
            T.modified_by AS [menu_food_type_master.modified_by], 
            True AS _from0
        FROM CodeFirstDatabase.menu_food_type_master AS T
    ) AS T1]]></view>
    <view extent="CodeFirstDatabase.menu_product_master"><![CDATA[
    SELECT VALUE -- Constructing menu_product_master
        [CodeFirstDatabaseSchema.menu_product_master](T1.[menu_product_master.id], T1.[menu_product_master.product_code], T1.[menu_product_master.product_description], T1.[menu_product_master.product_type_id], T1.[menu_product_master.food_type_id], T1.[menu_product_master.effective_from], T1.[menu_product_master.effective_to])
    FROM (
        SELECT 
            CAST(T.id AS [Edm.Int64]) AS [menu_product_master.id], 
            T.product_code AS [menu_product_master.product_code], 
            T.product_description AS [menu_product_master.product_description], 
            T.product_type_id AS [menu_product_master.product_type_id], 
            CAST(T.food_type_id AS [Edm.Int64]) AS [menu_product_master.food_type_id], 
            T.effective_from AS [menu_product_master.effective_from], 
            T.effective_to AS [menu_product_master.effective_to], 
            True AS _from0
        FROM KDSContext.menu_product_master AS T
    ) AS T1]]></view>
    <view extent="KDSContext.menu_product_master"><![CDATA[
    SELECT VALUE -- Constructing menu_product_master
        [Database.Fusion.menu_product_master](T1.[menu_product_master.id], T1.[menu_product_master.product_code], T1.[menu_product_master.product_description], T1.[menu_product_master.product_type_id], T1.[menu_product_master.food_type_id], T1.[menu_product_master.effective_from], T1.[menu_product_master.effective_to])
    FROM (
        SELECT 
            CAST(T.id AS [Edm.Int32]) AS [menu_product_master.id], 
            T.product_code AS [menu_product_master.product_code], 
            T.product_description AS [menu_product_master.product_description], 
            T.product_type_id AS [menu_product_master.product_type_id], 
            CAST(T.food_type_id AS [Edm.Int32]) AS [menu_product_master.food_type_id], 
            T.effective_from AS [menu_product_master.effective_from], 
            T.effective_to AS [menu_product_master.effective_to], 
            True AS _from0
        FROM CodeFirstDatabase.menu_product_master AS T
    ) AS T1]]></view>
    <view extent="CodeFirstDatabase.kds_ors_block_media_master"><![CDATA[
    SELECT VALUE -- Constructing kds_ors_block_media_master
        [CodeFirstDatabaseSchema.kds_ors_block_media_master](T1.[kds_ors_block_media_master.ad_group_id], T1.[kds_ors_block_media_master.block_number], T1.[kds_ors_block_media_master.ads_media_file], T1.[kds_ors_block_media_master.effective_from], T1.[kds_ors_block_media_master.effective_to], T1.[kds_ors_block_media_master.modified_on], T1.[kds_ors_block_media_master.modified_by])
    FROM (
        SELECT 
            T.ad_group_id AS [kds_ors_block_media_master.ad_group_id], 
            T.block_number AS [kds_ors_block_media_master.block_number], 
            T.ads_media_file AS [kds_ors_block_media_master.ads_media_file], 
            T.effective_from AS [kds_ors_block_media_master.effective_from], 
            T.effective_to AS [kds_ors_block_media_master.effective_to], 
            T.modified_on AS [kds_ors_block_media_master.modified_on], 
            T.modified_by AS [kds_ors_block_media_master.modified_by], 
            True AS _from0
        FROM KDSContext.ors_block_media_master AS T
    ) AS T1]]></view>
    <view extent="KDSContext.ors_block_media_master"><![CDATA[
    SELECT VALUE -- Constructing ors_block_media_master
        [Database.Fusion.kds_ors_block_media_master](T1.[kds_ors_block_media_master.ad_group_id], T1.[kds_ors_block_media_master.block_number], T1.[kds_ors_block_media_master.ads_media_file], T1.[kds_ors_block_media_master.effective_from], T1.[kds_ors_block_media_master.effective_to], T1.[kds_ors_block_media_master.modified_on], T1.[kds_ors_block_media_master.modified_by])
    FROM (
        SELECT 
            T.ad_group_id AS [kds_ors_block_media_master.ad_group_id], 
            T.block_number AS [kds_ors_block_media_master.block_number], 
            T.ads_media_file AS [kds_ors_block_media_master.ads_media_file], 
            T.effective_from AS [kds_ors_block_media_master.effective_from], 
            T.effective_to AS [kds_ors_block_media_master.effective_to], 
            T.modified_on AS [kds_ors_block_media_master.modified_on], 
            T.modified_by AS [kds_ors_block_media_master.modified_by], 
            True AS _from0
        FROM CodeFirstDatabase.kds_ors_block_media_master AS T
    ) AS T1]]></view>
    <view extent="CodeFirstDatabase.kds_ors_store_template_matrix"><![CDATA[
    SELECT VALUE -- Constructing kds_ors_store_template_matrix
        [CodeFirstDatabaseSchema.kds_ors_store_template_matrix](T1.[kds_ors_store_template_matrix.store_id], T1.[kds_ors_store_template_matrix.template_id], T1.[kds_ors_store_template_matrix.ad_group_id], T1.[kds_ors_store_template_matrix.effective_from], T1.[kds_ors_store_template_matrix.effective_to], T1.[kds_ors_store_template_matrix.modified_on], T1.[kds_ors_store_template_matrix.modified_by])
    FROM (
        SELECT 
            T.store_id AS [kds_ors_store_template_matrix.store_id], 
            T.template_id AS [kds_ors_store_template_matrix.template_id], 
            T.ad_group_id AS [kds_ors_store_template_matrix.ad_group_id], 
            T.effective_from AS [kds_ors_store_template_matrix.effective_from], 
            T.effective_to AS [kds_ors_store_template_matrix.effective_to], 
            T.modified_on AS [kds_ors_store_template_matrix.modified_on], 
            T.modified_by AS [kds_ors_store_template_matrix.modified_by], 
            True AS _from0
        FROM KDSContext.ors_store_template_matrix AS T
    ) AS T1]]></view>
    <view extent="KDSContext.ors_store_template_matrix"><![CDATA[
    SELECT VALUE -- Constructing ors_store_template_matrix
        [Database.Fusion.kds_ors_store_template_matrix](T1.[kds_ors_store_template_matrix.store_id], T1.[kds_ors_store_template_matrix.template_id], T1.[kds_ors_store_template_matrix.ad_group_id], T1.[kds_ors_store_template_matrix.effective_from], T1.[kds_ors_store_template_matrix.effective_to], T1.[kds_ors_store_template_matrix.modified_on], T1.[kds_ors_store_template_matrix.modified_by])
    FROM (
        SELECT 
            T.store_id AS [kds_ors_store_template_matrix.store_id], 
            T.template_id AS [kds_ors_store_template_matrix.template_id], 
            T.ad_group_id AS [kds_ors_store_template_matrix.ad_group_id], 
            T.effective_from AS [kds_ors_store_template_matrix.effective_from], 
            T.effective_to AS [kds_ors_store_template_matrix.effective_to], 
            T.modified_on AS [kds_ors_store_template_matrix.modified_on], 
            T.modified_by AS [kds_ors_store_template_matrix.modified_by], 
            True AS _from0
        FROM CodeFirstDatabase.kds_ors_store_template_matrix AS T
    ) AS T1]]></view>
    <view extent="CodeFirstDatabase.kds_ors_template_block_matrix"><![CDATA[
    SELECT VALUE -- Constructing kds_ors_template_block_matrix
        [CodeFirstDatabaseSchema.kds_ors_template_block_matrix](T1.[kds_ors_template_block_matrix.template_id], T1.[kds_ors_template_block_matrix.block_number], T1.[kds_ors_template_block_matrix.vertical], T1.[kds_ors_template_block_matrix.horizontal], T1.[kds_ors_template_block_matrix.display_queue], T1.[kds_ors_template_block_matrix.effective_from], T1.[kds_ors_template_block_matrix.effective_to], T1.[kds_ors_template_block_matrix.modified_on], T1.[kds_ors_template_block_matrix.modified_by])
    FROM (
        SELECT 
            T.template_id AS [kds_ors_template_block_matrix.template_id], 
            T.block_number AS [kds_ors_template_block_matrix.block_number], 
            T.vertical AS [kds_ors_template_block_matrix.vertical], 
            T.horizontal AS [kds_ors_template_block_matrix.horizontal], 
            T.display_queue AS [kds_ors_template_block_matrix.display_queue], 
            T.effective_from AS [kds_ors_template_block_matrix.effective_from], 
            T.effective_to AS [kds_ors_template_block_matrix.effective_to], 
            T.modified_on AS [kds_ors_template_block_matrix.modified_on], 
            T.modified_by AS [kds_ors_template_block_matrix.modified_by], 
            True AS _from0
        FROM KDSContext.ors_template_block_matrix AS T
    ) AS T1]]></view>
    <view extent="KDSContext.ors_template_block_matrix"><![CDATA[
    SELECT VALUE -- Constructing ors_template_block_matrix
        [Database.Fusion.kds_ors_template_block_matrix](T1.[kds_ors_template_block_matrix.template_id], T1.[kds_ors_template_block_matrix.block_number], T1.[kds_ors_template_block_matrix.vertical], T1.[kds_ors_template_block_matrix.horizontal], T1.[kds_ors_template_block_matrix.display_queue], T1.[kds_ors_template_block_matrix.effective_from], T1.[kds_ors_template_block_matrix.effective_to], T1.[kds_ors_template_block_matrix.modified_on], T1.[kds_ors_template_block_matrix.modified_by])
    FROM (
        SELECT 
            T.template_id AS [kds_ors_template_block_matrix.template_id], 
            T.block_number AS [kds_ors_template_block_matrix.block_number], 
            T.vertical AS [kds_ors_template_block_matrix.vertical], 
            T.horizontal AS [kds_ors_template_block_matrix.horizontal], 
            T.display_queue AS [kds_ors_template_block_matrix.display_queue], 
            T.effective_from AS [kds_ors_template_block_matrix.effective_from], 
            T.effective_to AS [kds_ors_template_block_matrix.effective_to], 
            T.modified_on AS [kds_ors_template_block_matrix.modified_on], 
            T.modified_by AS [kds_ors_template_block_matrix.modified_by], 
            True AS _from0
        FROM CodeFirstDatabase.kds_ors_template_block_matrix AS T
    ) AS T1]]></view>
    <view extent="CodeFirstDatabase.pos_business_date"><![CDATA[
    SELECT VALUE -- Constructing pos_business_date
        [CodeFirstDatabaseSchema.pos_business_date](T1.[pos_business_date.pos_terminal], T1.[pos_business_date.business_date], T1.[pos_business_date.time])
    FROM (
        SELECT 
            T.pos_terminal AS [pos_business_date.pos_terminal], 
            T.business_date AS [pos_business_date.business_date], 
            T.time AS [pos_business_date.time], 
            True AS _from0
        FROM KDSContext.pos_business_date AS T
    ) AS T1]]></view>
    <view extent="KDSContext.pos_business_date"><![CDATA[
    SELECT VALUE -- Constructing pos_business_date
        [Database.Fusion.pos_business_date](T1.[pos_business_date.pos_terminal], T1.[pos_business_date.business_date], T1.[pos_business_date.time])
    FROM (
        SELECT 
            T.pos_terminal AS [pos_business_date.pos_terminal], 
            T.business_date AS [pos_business_date.business_date], 
            T.time AS [pos_business_date.time], 
            True AS _from0
        FROM CodeFirstDatabase.pos_business_date AS T
    ) AS T1]]></view>
    <view extent="CodeFirstDatabase.pos_system_configuration_master"><![CDATA[
    SELECT VALUE -- Constructing pos_system_configuration_master
        [CodeFirstDatabaseSchema.pos_system_configuration_master](T1.[pos_system_configuration_master.id], T1.[pos_system_configuration_master.config_code], T1.[pos_system_configuration_master.config_description], T1.[pos_system_configuration_master.effective_from], T1.[pos_system_configuration_master.effective_to], T1.[pos_system_configuration_master.modified_on], T1.[pos_system_configuration_master.modified_by])
    FROM (
        SELECT 
            T.id AS [pos_system_configuration_master.id], 
            T.config_code AS [pos_system_configuration_master.config_code], 
            T.config_description AS [pos_system_configuration_master.config_description], 
            T.effective_from AS [pos_system_configuration_master.effective_from], 
            T.effective_to AS [pos_system_configuration_master.effective_to], 
            T.modified_on AS [pos_system_configuration_master.modified_on], 
            T.modified_by AS [pos_system_configuration_master.modified_by], 
            True AS _from0
        FROM KDSContext.pos_system_configuration_master AS T
    ) AS T1]]></view>
    <view extent="KDSContext.pos_system_configuration_master"><![CDATA[
    SELECT VALUE -- Constructing pos_system_configuration_master
        [Database.Fusion.pos_system_configuration_master](T1.[pos_system_configuration_master.id], T1.[pos_system_configuration_master.config_code], T1.[pos_system_configuration_master.config_description], T1.[pos_system_configuration_master.effective_from], T1.[pos_system_configuration_master.effective_to], T1.[pos_system_configuration_master.modified_on], T1.[pos_system_configuration_master.modified_by])
    FROM (
        SELECT 
            T.id AS [pos_system_configuration_master.id], 
            T.config_code AS [pos_system_configuration_master.config_code], 
            T.config_description AS [pos_system_configuration_master.config_description], 
            T.effective_from AS [pos_system_configuration_master.effective_from], 
            T.effective_to AS [pos_system_configuration_master.effective_to], 
            T.modified_on AS [pos_system_configuration_master.modified_on], 
            T.modified_by AS [pos_system_configuration_master.modified_by], 
            True AS _from0
        FROM CodeFirstDatabase.pos_system_configuration_master AS T
    ) AS T1]]></view>
    <view extent="CodeFirstDatabase.pos_system_configuration_store_matrix"><![CDATA[
    SELECT VALUE -- Constructing pos_system_configuration_store_matrix
        [CodeFirstDatabaseSchema.pos_system_configuration_store_matrix](T1.[pos_system_configuration_store_matrix.store_code], T1.[pos_system_configuration_store_matrix.system_configuration_id], T1.[pos_system_configuration_store_matrix.config_value], T1.[pos_system_configuration_store_matrix.effective_from], T1.[pos_system_configuration_store_matrix.effective_to], T1.[pos_system_configuration_store_matrix.modified_on], T1.[pos_system_configuration_store_matrix.modified_by])
    FROM (
        SELECT 
            T.store_code AS [pos_system_configuration_store_matrix.store_code], 
            T.system_configuration_id AS [pos_system_configuration_store_matrix.system_configuration_id], 
            T.config_value AS [pos_system_configuration_store_matrix.config_value], 
            T.effective_from AS [pos_system_configuration_store_matrix.effective_from], 
            T.effective_to AS [pos_system_configuration_store_matrix.effective_to], 
            T.modified_on AS [pos_system_configuration_store_matrix.modified_on], 
            T.modified_by AS [pos_system_configuration_store_matrix.modified_by], 
            True AS _from0
        FROM KDSContext.pos_system_configuration_store_matrix AS T
    ) AS T1]]></view>
    <view extent="KDSContext.pos_system_configuration_store_matrix"><![CDATA[
    SELECT VALUE -- Constructing pos_system_configuration_store_matrix
        [Database.Fusion.pos_system_configuration_store_matrix](T1.[pos_system_configuration_store_matrix.store_code], T1.[pos_system_configuration_store_matrix.system_configuration_id], T1.[pos_system_configuration_store_matrix.effective_from], T1.[pos_system_configuration_store_matrix.effective_to], T1.[pos_system_configuration_store_matrix.config_value], T1.[pos_system_configuration_store_matrix.modified_on], T1.[pos_system_configuration_store_matrix.modified_by])
    FROM (
        SELECT 
            T.store_code AS [pos_system_configuration_store_matrix.store_code], 
            T.system_configuration_id AS [pos_system_configuration_store_matrix.system_configuration_id], 
            T.effective_from AS [pos_system_configuration_store_matrix.effective_from], 
            T.effective_to AS [pos_system_configuration_store_matrix.effective_to], 
            T.config_value AS [pos_system_configuration_store_matrix.config_value], 
            T.modified_on AS [pos_system_configuration_store_matrix.modified_on], 
            T.modified_by AS [pos_system_configuration_store_matrix.modified_by], 
            True AS _from0
        FROM CodeFirstDatabase.pos_system_configuration_store_matrix AS T
    ) AS T1]]></view>
    <view extent="CodeFirstDatabase.pos_transaction_type_master"><![CDATA[
    SELECT VALUE -- Constructing pos_transaction_type_master
        [CodeFirstDatabaseSchema.pos_transaction_type_master](T1.[pos_transaction_type_master.id], T1.[pos_transaction_type_master.transaction_type_code], T1.[pos_transaction_type_master.transaction_type_description], T1.[pos_transaction_type_master.effective_from], T1.[pos_transaction_type_master.effective_to], T1.[pos_transaction_type_master.kds_pickup_display])
    FROM (
        SELECT 
            T.id AS [pos_transaction_type_master.id], 
            T.transaction_type_code AS [pos_transaction_type_master.transaction_type_code], 
            T.transaction_type_description AS [pos_transaction_type_master.transaction_type_description], 
            T.effective_from AS [pos_transaction_type_master.effective_from], 
            T.effective_to AS [pos_transaction_type_master.effective_to], 
            CAST(T.kds_pickup_display AS [Edm.Int64]) AS [pos_transaction_type_master.kds_pickup_display], 
            True AS _from0
        FROM KDSContext.pos_transaction_type_master AS T
    ) AS T1]]></view>
    <view extent="KDSContext.pos_transaction_type_master"><![CDATA[
    SELECT VALUE -- Constructing pos_transaction_type_master
        [Database.Fusion.pos_transaction_type_master](T1.[pos_transaction_type_master.id], T1.[pos_transaction_type_master.transaction_type_code], T1.[pos_transaction_type_master.transaction_type_description], T1.[pos_transaction_type_master.effective_from], T1.[pos_transaction_type_master.effective_to], T1.[pos_transaction_type_master.kds_pickup_display])
    FROM (
        SELECT 
            T.id AS [pos_transaction_type_master.id], 
            T.transaction_type_code AS [pos_transaction_type_master.transaction_type_code], 
            T.transaction_type_description AS [pos_transaction_type_master.transaction_type_description], 
            T.effective_from AS [pos_transaction_type_master.effective_from], 
            T.effective_to AS [pos_transaction_type_master.effective_to], 
            CAST(T.kds_pickup_display AS [Edm.Int32]) AS [pos_transaction_type_master.kds_pickup_display], 
            True AS _from0
        FROM CodeFirstDatabase.pos_transaction_type_master AS T
    ) AS T1]]></view>
  </mapping-views>
</views>